,City,Cloudiness,Country,Date,Humidity,Lat,Lng,Max Temp,Wind Speed
0,hilo,20,US,1573073908,62,19.71,-155.08,84.2,6.93
1,kavieng,100,PG,1573073908,79,-2.57,150.8,82.27,12.64
2,east london,91,ZA,1573073909,77,-33.02,27.91,68.95,12.93
3,borgarnes,100,IS,1573073909,64,64.54,-21.92,35.6,12.75
4,rikitea,23,PF,1573073909,79,-23.12,-134.97,76.28,3.11
5,nikolskoye,100,RU,1573073909,68,59.7,30.79,28.99,11.18
6,samarai,100,PG,1573073909,96,-10.62,150.67,74.43,3.85
7,bethel,90,US,1573073732,90,60.79,-161.76,33.8,13.87
8,dingle,100,PH,1573073910,91,11.0,122.67,73.98,5.61
9,jinchang,69,CN,1573073910,82,38.52,102.19,35.64,2.39
10,hithadhoo,100,MV,1573073910,69,-0.6,73.08,81.84,5.84
11,mar del plata,74,AR,1573073910,22,-46.43,-67.52,58.78,30.98
12,barrow,0,AR,1573073912,39,-38.31,-60.23,80.78,14.25
13,vaini,87,IN,1573073912,93,15.34,74.49,67.5,1.25
14,mataura,100,NZ,1573073913,82,-46.19,168.86,57.99,1.99
15,malanje,100,AO,1573073913,91,-9.54,16.35,66.06,2.42
16,port lincoln,32,AU,1573073914,71,-34.72,135.86,56.73,16.67
17,dikson,0,RU,1573073914,93,73.51,80.55,-10.13,13.24
18,ritchie,1,ZA,1573073914,56,-29.03,24.6,69.8,6.93
19,ushuaia,90,AR,1573073762,93,-54.81,-68.31,37.4,39.15
20,saskylakh,0,RU,1573073914,97,71.97,114.09,-19.0,6.51
21,cape town,75,ZA,1573073914,59,-33.93,18.42,62.01,12.75
22,meulaboh,100,ID,1573073914,83,4.14,96.13,78.89,10.76
23,lagoa,75,PT,1573073915,67,37.14,-8.45,64.0,6.93
24,bredasdorp,74,ZA,1573073915,58,-34.53,20.04,60.01,19.46
25,nemuro,78,JP,1573073915,72,43.32,145.57,41.0,16.02
26,dawei,86,MM,1573073915,75,14.07,98.19,81.59,11.05
27,ponta do sol,72,BR,1573073915,82,-20.63,-46.0,73.62,10.71
28,nome,1,US,1573073915,44,30.04,-94.42,80.6,8.05
29,punta arenas,20,CL,1573073916,60,-53.16,-70.91,46.4,32.21
30,busselton,67,AU,1573073916,66,-33.64,115.35,53.01,10.04
31,cabo san lucas,75,MX,1573073677,74,22.89,-109.91,87.8,11.41
32,puerto ayora,24,EC,1573073916,88,-0.74,-90.35,71.01,5.01
33,albany,1,US,1573073881,41,42.65,-73.75,48.99,5.82
34,constitucion,75,MX,1573073917,33,23.99,-104.67,77.0,4.7
35,cabedelo,40,BR,1573073917,74,-6.97,-34.84,80.6,10.29
36,kumluca,0,TR,1573073917,66,36.37,30.29,62.73,2.98
37,sakaiminato,40,JP,1573073918,81,35.55,133.23,50.0,6.93
38,atuona,14,PF,1573073918,73,-9.8,-139.03,80.96,18.01
39,alexandria,100,RO,1573073833,85,43.97,25.33,51.01,6.53
40,siljan,90,NO,1573073918,79,59.29,9.71,28.0,9.17
41,coahuayana,7,MX,1573073918,58,18.62,-100.35,86.11,2.42
42,lebu,59,ET,1573073918,74,8.96,38.73,51.26,2.55
43,pundaguitan,100,PH,1573073919,71,6.37,126.17,82.47,13.0
44,zhezkazgan,44,KZ,1573073919,39,47.8,67.71,31.71,8.1
45,saint george,40,GR,1573073919,72,39.45,22.34,60.8,3.71
46,kaitangata,100,NZ,1573073919,82,-46.28,169.85,59.0,1.99
47,kachiry,100,KZ,1573073920,92,53.07,76.1,32.47,13.33
48,kodiak,1,US,1573073920,45,39.95,-94.76,66.99,5.82
49,chazuta,40,PE,1573073920,100,-6.57,-76.13,62.6,9.17
50,arkhipo-osipovka,0,RU,1573073920,72,44.37,38.53,52.84,2.24
51,ostrovnoy,99,RU,1573073920,80,68.05,39.51,23.31,4.72
52,norman wells,75,CA,1573073920,84,65.28,-126.83,8.6,12.75
53,tortoli,5,IT,1573073921,54,39.93,9.66,59.0,13.87
54,townsville,20,AU,1573073921,73,-19.26,146.82,75.99,8.05
55,tiksi,86,RU,1573073921,97,71.64,128.87,-10.9,3.18
56,atar,0,MR,1573073921,35,20.52,-13.05,73.04,7.74
57,lompoc,1,US,1573073921,38,34.64,-120.46,75.99,9.17
58,awbari,2,LY,1573073922,21,26.59,12.77,75.43,2.08
59,hermanus,17,ZA,1573073922,69,-34.42,19.24,60.01,15.01
60,umiray,31,PH,1573073922,90,15.22,121.41,73.72,0.34
61,kapaa,40,US,1573073922,74,22.08,-159.32,82.4,17.22
62,katherine,73,AU,1573073923,43,-14.47,132.26,73.4,6.93
63,port alfred,99,ZA,1573073923,93,-33.59,26.89,63.0,3.0
64,khatanga,0,RU,1573073923,81,71.98,102.47,-7.16,9.37
65,biltine,0,TD,1573073923,12,14.53,20.93,80.67,11.3
66,jamestown,90,AU,1573073921,73,-33.21,138.6,51.22,15.23
67,coquimbo,75,CL,1573073924,82,-29.95,-71.34,59.0,11.41
68,qaanaaq,0,GL,1573073924,57,77.48,-69.36,0.52,7.63
69,sitka,100,US,1573073924,50,37.17,-99.65,63.0,1.01
70,clyde river,90,CA,1573073924,100,70.47,-68.59,21.2,11.41
71,bathsheba,40,BB,1573073924,74,13.22,-59.52,84.2,25.28
72,praia da vitoria,75,PT,1573073924,88,38.73,-27.07,62.6,2.04
73,codrington,0,AU,1573073924,93,-28.95,153.24,66.99,6.93
74,matara,48,BI,1573073925,84,-3.48,29.48,59.2,3.65
75,takoradi,79,GH,1573073925,84,4.89,-1.75,80.64,8.48
76,cayenne,90,GF,1573073925,94,4.94,-52.33,78.8,1.12
77,arraial do cabo,75,BR,1573073925,78,-22.97,-42.02,77.0,6.93
78,jardim,71,BR,1573073925,77,-21.48,-56.15,79.45,6.35
79,cap malheureux,40,MU,1573073925,83,-19.98,57.61,75.2,8.05
80,nuuk,20,GL,1573073926,92,64.17,-51.74,28.4,8.05
81,nipawin,75,CA,1573073926,66,53.36,-104.02,15.8,14.99
82,porto novo,75,BR,1573073927,73,-23.68,-45.44,71.6,14.99
83,te anau,51,NZ,1573073927,88,-45.41,167.72,48.34,4.72
84,kruisfontein,100,ZA,1573073927,76,-34.0,24.73,60.1,13.96
85,barroso,90,BR,1573073927,78,-23.67,-46.22,73.4,8.05
86,bluff,0,AU,1573073927,68,-23.58,149.07,67.06,2.93
87,les cayes,9,HT,1573073928,73,18.19,-73.75,83.84,12.37
88,rio grande,0,BR,1573073677,49,-32.03,-52.1,73.4,11.41
89,fortuna,90,US,1573073928,100,40.6,-124.16,64.99,4.7
90,hami,0,CN,1573073928,32,42.84,93.51,46.45,3.96
91,nong chik,100,TH,1573073928,77,6.84,101.18,80.47,4.99
92,aklavik,90,CA,1573073928,71,68.22,-135.01,15.8,5.82
93,erenhot,0,CN,1573073929,45,43.65,111.97,30.16,2.39
94,castro,75,CL,1573073843,82,-42.48,-73.76,55.4,10.29
95,palenque,75,MX,1573073929,62,17.51,-91.98,87.8,5.86
96,huarmey,0,PE,1573073929,50,-10.07,-78.15,74.73,8.9
97,iqaluit,20,CA,1573073774,78,63.75,-68.52,10.4,13.87
98,naze,75,NG,1573073929,94,5.43,7.07,77.0,4.34
99,thompson,40,CA,1573073929,60,55.74,-97.86,8.6,6.93
100,port blair,100,IN,1573073685,80,11.67,92.75,82.53,21.59
101,pacifica,1,US,1573073930,52,37.61,-122.49,75.0,5.82
102,avarua,9,CK,1573073930,73,-21.21,-159.78,77.0,4.7
103,alta floresta,36,BR,1573073930,64,-9.87,-56.08,86.79,4.03
104,victoria,75,BN,1573073930,88,5.28,115.24,78.8,2.24
105,port-cartier,75,CA,1573073930,50,50.03,-66.88,30.0,25.28
106,nanortalik,2,GL,1573073931,74,60.14,-45.24,32.09,6.64
107,dudinka,75,RU,1573073931,85,69.41,86.18,14.0,13.42
108,santiago del estero,13,AR,1573073931,42,-27.8,-64.26,84.0,4.56
109,paamiut,0,GL,1573073931,46,61.99,-49.67,29.71,9.33
110,cherskiy,100,RU,1573073931,82,68.75,161.3,27.16,8.99
111,ribeira grande,75,PT,1573073932,82,38.52,-28.7,62.6,6.93
112,mehamn,75,NO,1573073932,100,71.03,27.85,28.4,8.05
113,axim,100,GH,1573073932,93,4.87,-2.24,76.78,3.0
114,sistranda,20,NO,1573073932,63,63.73,8.83,28.99,5.82
115,tuatapere,100,NZ,1573073932,82,-46.13,167.69,57.99,1.99
116,preobrazheniye,99,RU,1573073932,80,42.9,133.91,29.16,4.0
117,dunedin,100,NZ,1573073932,77,-45.87,170.5,62.01,1.01
118,port shepstone,98,ZA,1573073933,80,-30.74,30.45,71.2,7.45
119,avera,1,US,1573073933,49,33.19,-82.53,75.2,5.82
120,esperance,90,AU,1573073934,81,-33.86,121.89,53.6,8.05
121,rodez,75,FR,1573073934,100,44.35,2.57,50.0,4.7
122,puerto princesa,100,PH,1573073934,91,9.74,118.73,72.59,4.21
123,zilupe,100,RU,1573073934,91,56.39,28.12,35.33,6.13
124,srednekolymsk,100,RU,1573073935,94,67.46,153.71,10.74,6.64
125,hervey bay,2,AU,1573073935,77,-25.3,152.85,73.99,6.93
126,komsomolskiy,63,RU,1573073935,97,67.55,63.78,4.24,4.81
127,hobart,75,AU,1573073702,65,-42.88,147.33,46.4,18.34
128,toropets,100,RU,1573073935,94,56.5,31.64,32.43,2.66
129,pacific grove,1,US,1573073935,37,36.62,-121.92,75.99,11.14
130,ankang,3,CN,1573073936,95,32.73,108.99,45.84,0.89
131,mazagao,40,BR,1573073936,52,-0.12,-51.29,93.2,12.75
132,yukamenskoye,100,RU,1573073936,96,57.89,52.24,44.38,9.78
133,san patricio,24,PY,1573073857,57,-26.98,-56.83,85.3,6.62
134,kahului,20,US,1573073936,61,20.89,-156.47,84.2,11.41
135,teya,40,MX,1573073936,62,21.05,-89.07,87.8,9.17
136,san quintin,99,PH,1573073936,93,17.54,120.52,72.75,4.94
137,broome,100,GB,1573073937,93,52.47,1.45,46.0,4.7
138,chuy,51,UY,1573073937,65,-33.69,-53.46,67.77,3.74
139,mount gambier,40,AU,1573073937,93,-37.83,140.78,50.0,16.11
140,geraldton,90,CA,1573073937,78,49.72,-86.95,17.6,11.41
141,bone,75,DE,1573073938,100,51.97,12.14,46.99,4.7
142,salalah,2,OM,1573073938,69,17.01,54.1,80.6,3.36
143,talnakh,75,RU,1573073938,85,69.49,88.39,14.0,13.42
144,huaral,75,PE,1573073938,68,-11.5,-77.21,69.8,6.93
145,lagos,20,NG,1573073935,94,6.46,3.39,78.8,12.08
146,carnarvon,30,ZA,1573073938,37,-30.97,22.13,57.18,15.88
147,new norfolk,75,AU,1573073938,65,-42.78,147.06,46.4,18.34
148,egvekinot,21,RU,1573073939,84,66.32,-179.17,8.76,9.26
149,xicotencatl,24,MX,1573073939,38,23.02,-98.88,88.0,4.0
150,juneau,90,US,1573073815,93,58.3,-134.42,39.0,3.24
151,tuktoyaktuk,90,CA,1573073939,79,69.44,-133.03,21.2,6.93
152,baijiantan,100,CN,1573073939,86,45.63,85.18,42.3,3.38
153,hasaki,20,JP,1573073940,100,35.73,140.83,46.4,4.7
154,sao felix do xingu,100,BR,1573073940,50,-6.64,-51.99,87.53,2.53
155,bilma,0,NE,1573073940,18,18.69,12.92,77.43,6.11
156,padang,15,ID,1573073824,88,-0.92,100.36,64.45,2.57
157,emerald,9,AU,1573073940,63,-23.53,148.16,66.0,3.36
158,mahebourg,40,MU,1573073940,83,-20.41,57.7,75.2,8.05
159,medowie,0,AU,1573073941,45,-32.73,151.85,75.99,1.01
160,lasa,0,CY,1573073941,63,34.92,32.53,66.2,8.05
161,pisco,0,PE,1573073941,30,-13.71,-76.2,71.6,20.8
162,namibe,67,AO,1573073941,77,-15.19,12.15,73.36,5.26
163,shimoda,0,JP,1573073941,93,34.7,138.93,48.0,13.53
164,port elizabeth,1,US,1573073941,30,39.31,-74.98,57.99,5.82
165,karpogory,66,RU,1573073942,97,64.0,44.44,16.16,2.57
166,mecca,0,SA,1573073672,57,21.43,39.83,78.69,3.15
167,ust-tsilma,96,RU,1573073942,97,65.44,52.15,11.62,3.47
168,atambua,24,ID,1573073942,77,-9.11,124.89,74.39,2.82
169,kichera,100,RU,1573073942,96,55.93,110.1,14.45,1.81
170,zhigansk,59,RU,1573073943,96,66.77,123.37,-18.26,6.58
171,punta alta,20,AR,1573073943,62,-27.46,-55.82,87.8,8.05
172,coihaique,40,CL,1573073943,67,-45.58,-72.07,51.8,11.41
173,westport,1,US,1573073807,32,41.14,-73.36,55.99,8.05
174,skagen,100,SE,1573073943,86,58.6,13.44,32.0,2.24
175,lorengau,100,PG,1573073943,85,-2.02,147.27,80.35,19.91
176,aykhal,100,RU,1573073944,83,65.95,111.51,-14.81,6.71
177,yangambi,99,CD,1573073944,94,0.77,24.47,70.61,0.98
178,georgetown,40,GY,1573073803,74,6.8,-58.16,86.0,9.17
179,okhotsk,100,RU,1573073944,85,59.36,143.24,23.05,22.66
180,inhambane,0,MZ,1573073944,85,-23.87,35.38,75.02,13.35
181,pangnirtung,90,CA,1573073944,85,66.15,-65.72,21.2,5.55
182,krasnyy chikoy,0,RU,1573073944,78,50.36,108.75,17.65,2.35
183,manta,100,RO,1573073945,90,45.1,24.1,52.97,2.62
184,sao filipe,1,CV,1573073945,78,14.9,-24.5,76.3,20.04
185,vao,100,EE,1573073945,92,59.1,26.19,28.4,10.31
186,kiruna,100,SE,1573073945,85,67.86,20.23,14.0,3.36
187,neuquen,41,AR,1573073945,9,-38.95,-68.06,84.2,14.99
188,ust-nera,100,RU,1573073945,95,64.57,143.24,-2.13,10.63
189,freeport,75,BS,1573073945,70,26.54,-78.7,84.2,17.22
190,yellowknife,20,CA,1573073946,78,62.45,-114.38,15.8,5.82
191,ustikolina,40,BA,1573073946,76,43.58,18.79,53.6,3.36
192,manacapuru,40,BR,1573073946,55,-3.3,-60.62,89.6,10.29
193,lala,100,PH,1573073946,85,7.97,123.75,70.74,4.14
194,longyearbyen,20,NO,1573073946,78,78.22,15.63,8.6,5.82
195,madang,0,CN,1573073947,71,35.32,102.79,33.13,2.01
196,butaritari,22,KI,1573073947,72,3.07,172.79,84.42,10.71
197,bridlington,75,GB,1573073947,93,54.08,-0.19,44.01,9.17
198,gigmoto,67,PH,1573073947,77,13.78,124.39,82.29,11.95
199,bandarbeyla,0,SO,1573073947,77,9.49,50.81,80.53,6.35
200,lookan,100,PH,1573073947,72,5.04,120.1,82.45,5.53
201,jiangyou,85,CN,1573073948,83,31.78,104.73,47.19,1.74
202,pointe michel,75,DM,1573073948,70,15.25,-61.38,86.0,4.7
203,necochea,0,AR,1573073948,32,-38.55,-58.74,84.99,11.01
204,cedar city,1,US,1573073948,19,37.68,-113.06,60.8,4.7
205,tignere,0,CM,1573073948,65,7.37,12.65,70.7,1.92
206,toora-khem,93,RU,1573073948,93,52.47,96.11,25.36,1.39
207,goderich,98,CA,1573073948,89,43.74,-81.71,34.0,8.99
208,grand gaube,40,MU,1573073949,83,-20.01,57.66,75.2,8.05
209,ust-barguzin,100,RU,1573073949,72,53.41,109.03,36.55,11.54
210,moose factory,90,CA,1573073949,62,51.26,-80.61,23.0,16.11
211,mutsu,20,JP,1573073949,86,41.29,141.2,37.4,3.36
212,mantua,40,IT,1573073949,87,45.16,10.79,51.01,3.36
213,shipunovo,0,RU,1573073949,67,52.22,82.26,32.7,11.59
214,provideniya,0,RU,1573073949,63,64.42,-173.23,28.4,6.71
215,pevek,100,RU,1573073950,81,69.7,170.27,24.39,5.59
216,damietta,0,EG,1573073950,83,31.42,31.81,75.2,4.7
217,port keats,86,AU,1573073950,65,-14.25,129.55,78.84,6.29
218,norsup,75,VU,1573073950,94,-16.07,167.38,77.0,2.24
219,severo-kurilsk,63,RU,1573073950,88,50.68,156.12,33.75,9.33
220,sorso,20,IT,1573073950,59,40.8,8.58,60.8,4.7
221,kouqian,5,CN,1573073951,72,43.66,126.5,21.69,8.46
222,kangalassy,100,RU,1573073951,76,62.35,129.97,-5.81,8.95
223,bilibino,100,RU,1573073951,85,68.06,166.44,17.26,3.69
224,upernavik,100,GL,1573073939,95,72.79,-56.15,22.91,5.91
225,hobyo,45,SO,1573073951,78,5.35,48.53,79.88,7.7
226,quelimane,0,MZ,1573073951,78,-17.88,36.89,78.8,3.36
227,victor harbor,75,AU,1573073951,62,-35.55,138.62,59.0,23.04
228,golden,90,US,1573073952,80,39.76,-105.22,43.0,10.29
229,poum,75,MK,1573073952,63,41.28,20.71,62.6,18.34
230,jaen,5,PE,1573073952,83,-5.71,-78.81,69.22,2.73
231,puerto maldonado,20,PE,1573073952,100,-12.59,-69.19,33.8,10.29
232,berlevag,75,NO,1573073952,92,70.86,29.09,23.0,4.7
233,kaputa,16,ZM,1573073952,67,-8.47,29.66,71.6,2.57
234,ust-kuyga,95,RU,1573073952,98,70.0,135.55,-4.69,2.04
235,saint-philippe,20,CA,1573073953,44,45.36,-73.48,39.99,13.87
236,jawhar,6,IN,1573073953,93,19.91,73.23,73.15,3.22
237,flin flon,90,CA,1573073953,56,54.77,-101.88,14.0,9.17
238,fairmont,90,US,1573073953,64,40.64,-97.59,39.0,25.28
239,sobolevo,88,RU,1573073953,93,54.43,31.9,42.96,5.66
240,tasiilaq,20,GL,1573073953,68,65.61,-37.64,26.6,12.75
241,fort nelson,40,CA,1573073953,78,58.81,-122.69,12.2,4.7
242,sept-iles,75,CA,1573073774,50,50.2,-66.38,30.0,25.28
243,camden,1,US,1573073954,30,39.94,-75.12,57.2,5.82
244,la ronge,75,CA,1573073954,66,55.1,-105.3,15.8,6.93
245,narsaq,20,GL,1573073954,58,60.91,-46.05,30.2,4.7
246,richards bay,67,ZA,1573073954,73,-28.77,32.06,76.86,12.35
247,torbay,90,CA,1573073954,93,47.66,-52.73,52.0,23.04
248,upington,0,ZA,1573073954,16,-28.46,21.24,77.0,13.87
249,ahipara,0,NZ,1573073955,94,-35.17,173.16,75.0,12.55
250,pangody,99,RU,1573073955,94,65.85,74.49,5.86,5.48
251,lakatoro,8,VU,1573073955,75,-16.11,167.42,80.22,1.19
252,yar-sale,94,RU,1573073955,89,66.83,70.83,8.42,6.51
253,kalmar,90,SE,1573073719,93,56.66,16.36,37.0,9.17
254,ust-maya,100,RU,1573073955,92,60.42,134.54,-5.5,6.62
255,belyy yar,0,RU,1573073956,85,53.6,91.39,24.8,2.24
256,souillac,75,FR,1573073956,93,45.6,-0.6,51.8,9.17
257,kargasok,100,RU,1573073956,92,59.06,80.87,31.53,11.9
258,acacias,100,CO,1573073957,72,5.51,-74.29,82.09,2.37
259,lavrentiya,4,RU,1573073957,81,65.58,-170.99,26.71,14.56
260,nehe,0,CN,1573073957,42,48.48,124.88,15.58,9.53
261,lodwar,60,KE,1573073957,43,3.12,35.6,86.32,15.17
262,ngunguru,0,NZ,1573073957,95,-35.62,174.5,64.0,3.0
263,marienburg,100,DE,1573073957,93,52.12,9.98,45.0,2.24
264,bata,98,GQ,1573073958,95,1.87,9.77,74.17,1.14
265,trairi,0,BR,1573073958,67,-3.28,-39.27,78.31,6.06
266,boende,100,CD,1573073958,88,-0.28,20.88,73.06,2.06
267,faanui,0,PF,1573073958,81,-16.48,-151.75,80.55,17.36
268,miram shah,89,PK,1573073958,60,33.01,70.07,52.79,2.66
269,zhanakorgan,0,KZ,1573073958,65,43.91,67.25,32.34,1.86
270,impfondo,43,CD,1573073959,92,1.62,18.06,71.73,1.43
271,bermeo,75,ES,1573073959,76,43.42,-2.72,57.99,5.82
272,klaksvik,61,FO,1573073959,86,62.23,-6.59,33.8,2.24
273,touros,40,BR,1573073959,69,-5.2,-35.46,80.6,11.41
274,sioux lookout,90,CA,1573073959,67,50.1,-91.92,17.6,14.99
275,mahibadhoo,79,MV,1573073959,77,3.78,72.97,82.26,11.56
276,huanren,0,CN,1573073959,49,41.26,125.37,24.82,5.88
277,sorland,40,NO,1573073960,85,67.67,12.69,35.6,6.93
278,kerema,100,PG,1573073960,93,-7.96,145.78,74.44,1.81
279,tessalit,33,ML,1573073960,16,20.2,1.01,81.63,8.52
280,shitanjing,68,CN,1573073961,49,39.23,106.34,46.0,1.01
281,williams lake,90,CA,1573073961,79,52.13,-122.14,24.8,5.82
282,skowhegan,1,US,1573073961,36,44.77,-69.72,44.6,18.34
283,ambilobe,100,MG,1573073961,65,-13.19,49.05,79.93,12.73
284,vestmannaeyjar,100,IS,1573073750,90,63.44,-20.27,38.61,17.34
285,chipata,19,ZM,1573073961,65,-13.64,32.65,72.32,6.06
286,chicama,20,PE,1573073961,77,-7.84,-79.15,66.2,13.87
287,ampanihy,0,MG,1573073962,95,-24.69,44.75,67.95,4.88
288,san andres,32,PH,1573073962,83,13.32,122.68,79.03,11.05
289,ulaanbaatar,49,MN,1573073962,78,47.92,106.92,8.6,1.7
290,adrar,0,DZ,1573073962,32,27.87,-0.29,69.8,20.8
291,maceio,0,BR,1573073852,83,-9.67,-35.74,77.0,10.29
292,jos,0,NG,1573073962,44,9.92,8.9,68.99,0.65
293,arman,100,RU,1573073963,91,59.7,150.17,28.87,29.53
294,parana,75,BR,1573073963,88,-7.52,-72.89,80.6,5.82
295,leningradskiy,67,RU,1573073963,89,69.38,178.42,15.71,15.21
296,sauk rapids,1,US,1573073963,38,45.59,-94.17,27.0,10.29
297,isangel,3,VU,1573073963,78,-19.55,169.27,78.8,6.93
298,tilichiki,100,RU,1573073963,86,60.47,166.1,33.75,26.13
299,hofn,96,IS,1573073964,71,64.25,-15.21,37.04,14.97
300,guerrero negro,100,MX,1573073964,50,27.97,-114.04,72.81,12.21
301,fruitvale,3,CA,1573073703,62,49.12,-117.55,48.99,1.54
302,shahrud,100,IR,1573073964,45,36.42,54.97,41.97,0.47
303,berezovyy,94,RU,1573073964,54,51.67,135.7,14.34,8.08
304,horn,100,AT,1573073964,81,48.66,15.66,50.0,3.36
305,kommunisticheskiy,100,RU,1573073964,96,61.68,64.48,36.68,9.37
306,nueva loja,40,EC,1573073965,66,0.08,-76.88,87.8,4.7
307,brookhaven,1,US,1573073965,46,40.78,-72.92,55.4,6.93
308,makakilo city,1,US,1573073965,69,21.35,-158.09,82.4,6.93
309,ottawa,90,CA,1573073717,48,45.42,-75.69,41.0,13.87
310,hovd,75,NO,1573073965,63,63.83,10.7,30.0,9.17
311,varhaug,75,NO,1573073965,47,58.61,5.65,41.0,4.7
312,hemsedal,90,NO,1573073966,67,60.86,8.55,18.0,3.11
313,baykit,93,RU,1573073966,96,61.68,96.39,8.06,2.44
314,bambous virieux,40,MU,1573073966,83,-20.34,57.76,75.2,8.05
315,cidreira,0,BR,1573073966,67,-30.17,-50.22,67.66,18.16
316,omboue,47,GA,1573073966,92,-1.57,9.26,74.86,2.33
317,okha,94,RU,1573073967,80,53.59,142.95,25.47,16.49
318,somerville,5,US,1573073967,32,40.57,-74.61,57.2,3.36
319,deniliquin,21,AU,1573073967,73,-35.53,144.96,54.0,13.0
320,tha chang,33,TH,1573073967,79,14.76,100.39,79.0,2.68
321,mathbaria,99,BD,1573073967,70,22.29,89.96,69.03,7.31
322,zambezi,92,ZM,1573073967,73,-13.55,23.12,70.11,4.79
323,sarangani,100,PH,1573073968,70,5.4,125.46,83.46,12.41
324,ken caryl,90,US,1573073968,86,39.58,-105.11,46.99,16.11
325,sheridan,90,US,1573073940,100,39.65,-105.03,46.99,12.75
326,charlestown,1,US,1573073968,46,41.38,-71.64,54.0,6.93
327,srandakan,74,ID,1573073968,95,-7.94,110.25,70.03,2.53
328,nova prata,4,BR,1573073968,80,-28.78,-51.61,69.01,8.01
329,biak,81,ID,1573073968,70,-0.91,122.88,81.41,12.97
330,northam,92,AU,1573073969,59,-31.65,116.67,60.8,6.93
331,shenjiamen,99,CN,1573073969,66,29.96,122.3,66.34,14.52
332,aden,0,YE,1573073969,61,12.79,45.03,79.32,4.5
333,oktyabrskoye,100,RU,1573073969,59,56.73,85.44,36.0,17.9
334,fairbanks,90,US,1573073710,85,64.84,-147.72,27.0,5.82
335,saldanha,96,PT,1573073969,94,41.42,-6.55,48.94,9.28
336,haimen,100,CN,1573073969,73,31.87,121.18,63.0,5.84
337,iwanai,100,JP,1573073969,77,42.97,140.51,35.96,5.68
338,dargaville,0,NZ,1573073970,54,-35.94,173.86,70.92,5.7
339,devonport,69,AU,1573073970,76,-41.18,146.36,50.0,5.01
340,pontianak,92,ID,1573073970,94,-0.02,109.34,73.38,1.12
341,tommot,100,RU,1573073970,98,58.97,126.27,-14.19,2.57
342,visby,75,SE,1573073970,86,57.64,18.3,39.99,4.7
343,yeppoon,11,AU,1573073970,72,-23.13,150.74,68.0,1.28
344,chokurdakh,100,RU,1573073971,95,70.62,147.9,9.37,5.06
345,the valley,40,AI,1573073725,69,18.22,-63.06,86.0,17.22
346,songkhla,40,TH,1573073971,100,7.2,100.6,75.2,3.36
347,beya,0,RU,1573073971,82,53.05,90.92,30.96,6.06
348,caxito,90,BR,1573073971,83,-22.65,-42.51,77.0,14.99
349,katsuura,20,JP,1573073971,81,33.93,134.5,48.2,12.75
350,eureka,90,US,1573073971,100,40.8,-124.16,64.99,4.7
351,eidfjord,96,NO,1573073972,79,60.47,7.07,15.33,5.39
352,wenling,53,CN,1573073972,88,28.38,121.38,69.01,7.61
353,ixtapa,20,MX,1573073972,66,20.71,-105.21,88.0,10.29
354,husavik,59,CA,1573073972,53,50.56,-96.99,19.0,4.0
355,takhtamygda,0,RU,1573073972,87,54.1,123.57,-6.94,2.68
356,clarksburg,1,US,1573073721,26,39.24,-77.28,59.0,2.98
357,portland,20,US,1573073941,31,43.66,-70.25,50.0,9.17
358,maraba,100,BR,1573073973,59,-5.35,-49.1,89.6,6.93
359,la tuque,100,CA,1573073973,58,47.44,-72.79,28.78,7.65
360,zhaotong,94,CN,1573073974,93,27.34,103.71,41.77,1.45
361,ambulu,49,ID,1573073974,79,-8.35,113.61,77.99,0.25
362,powell,75,US,1573073975,49,40.16,-83.08,52.0,10.29
363,veshenskaya,78,RU,1573073975,78,49.63,41.73,56.3,16.73
364,neiafu,40,TO,1573073975,69,-18.65,-173.98,78.8,5.82
365,goba,100,ET,1573073976,82,7.01,39.97,50.52,3.47
366,maningrida,0,AU,1573073976,78,-12.05,134.23,77.04,4.54
367,saint-augustin,75,CA,1573073976,47,45.63,-73.98,39.99,5.82
368,pringsewu,82,ID,1573073976,94,-5.36,104.98,71.56,5.06
369,auki,0,NG,1573073976,25,12.18,6.51,79.79,5.21
370,santa maria,40,BR,1573073977,51,-16.02,-48.01,84.2,8.05
371,cutervo,58,PE,1573073977,56,-6.38,-78.82,69.94,5.64
372,brae,2,GB,1573073977,92,60.4,-1.35,32.0,2.24
373,litovko,61,RU,1573073977,63,49.24,135.18,12.11,15.73
374,half moon bay,20,US,1573073977,71,37.46,-122.43,75.0,4.7
375,honningsvag,75,NO,1573073977,92,70.98,25.97,28.4,4.7
376,carupano,100,VE,1573073977,90,10.67,-63.26,75.33,3.6
377,maputo,0,MZ,1573073977,74,-25.97,32.57,79.0,13.87
378,liuzhou,0,CN,1573073978,77,24.32,109.41,57.92,5.95
379,sinnamary,29,GF,1573073978,77,5.38,-52.96,82.87,12.01
380,rypefjord,11,NO,1573073978,85,70.63,23.67,30.2,5.82
381,caravelas,0,BR,1573073978,79,-17.73,-39.27,75.7,11.39
382,byron bay,0,AU,1573073978,63,-28.65,153.62,66.99,6.93
383,luderitz,0,NA,1573073978,72,-26.65,15.16,64.4,20.8
384,saint-michel-des-saints,98,CA,1573073978,5,46.68,-73.92,35.01,1.01
385,grindavik,100,IS,1573073979,86,63.84,-22.43,37.4,11.41
386,itacoatiara,15,BR,1573073979,34,-3.14,-58.44,95.27,3.31
387,vagur,74,FO,1573073979,63,61.47,-6.81,42.8,16.96
388,north bend,40,US,1573073725,100,43.41,-124.22,54.0,3.09
389,vila velha,0,BR,1573073979,77,-3.71,-38.6,80.01,15.01
390,fort saint james,16,CA,1573073979,46,54.43,-124.25,29.3,3.67
391,poronaysk,39,RU,1573073979,69,49.22,143.1,30.69,8.68
392,stromness,90,CA,1573073980,60,42.87,-79.55,44.01,9.17
393,hun,96,BE,1573073980,100,50.34,4.87,46.99,5.82
394,taoudenni,0,ML,1573073980,23,22.68,-3.98,77.5,8.12
395,walvis bay,33,NA,1573073980,72,-22.95,14.51,64.99,8.05
396,ayia marina,20,GR,1573073980,87,37.75,23.53,69.01,6.38
397,kachug,67,RU,1573073981,84,53.96,105.89,24.12,5.79
398,sidi ali,0,DZ,1573073981,71,36.1,0.42,58.26,6.8
399,taikang,0,CN,1573073981,47,46.86,124.44,19.44,10.27
400,ancud,75,CL,1573073981,82,-41.87,-73.83,55.4,10.29
401,mandalgovi,0,MN,1573073981,60,45.76,106.27,28.18,10.54
402,college,90,US,1573073981,85,64.86,-147.8,27.0,5.82
403,yerkoy,0,TR,1573073982,53,39.64,34.47,51.91,1.54
404,vanimo,100,PG,1573073982,77,-2.67,141.3,80.19,7.92
405,mae ramat,65,TH,1573073982,98,16.98,98.52,68.95,1.79
406,jiexiu,15,CN,1573073982,76,37.02,111.92,44.49,1.39
407,kambove,14,CD,1573073982,80,-10.88,26.6,63.57,2.26
408,nata,0,BW,1573073982,19,-20.21,26.19,83.03,7.05
409,silifke,0,TR,1573073982,52,36.38,33.93,58.64,4.16
410,itarema,0,BR,1573073983,72,-2.92,-39.92,78.44,11.88
411,zonguldak,26,TR,1573073922,64,41.25,31.83,52.95,5.86
412,suda,90,RU,1573073983,92,59.15,37.56,26.6,8.95
413,alice springs,0,AU,1573073931,18,-23.7,133.88,59.0,5.82
414,kpandu,65,GH,1573073983,84,7.0,0.29,74.48,2.48
415,kudahuvadhoo,100,MV,1573073983,74,2.67,72.89,82.17,9.06
416,bulgan,0,MN,1573073983,68,48.81,103.53,28.33,3.22
417,kawalu,100,ID,1573073984,86,-7.38,108.21,67.06,0.98
418,kanungu,0,UG,1573073984,93,-0.9,29.78,57.43,2.89
419,erzurum,0,TR,1573073984,86,39.91,41.27,26.6,2.68
420,ilulissat,75,GL,1573073984,68,69.22,-51.1,30.2,13.87
421,airai,34,TL,1573073984,66,-8.93,125.41,66.54,3.91
422,oia,75,ES,1573073984,93,42.0,-8.88,57.0,9.17
423,teahupoo,20,PF,1573073984,66,-17.83,-149.27,86.0,4.7
424,monduli,75,TZ,1573073985,82,-3.3,36.45,66.2,17.22
425,altay,100,CN,1573073985,87,47.83,88.13,29.82,0.49
426,moree,0,AU,1573073985,24,-29.46,149.84,69.01,9.17
427,beringovskiy,6,RU,1573073985,91,63.05,179.32,25.54,14.18
428,progreso,67,UY,1573073985,47,-34.68,-56.22,78.01,17.22
429,faya,1,SA,1573073985,29,18.39,42.45,62.6,5.82
430,monrovia,20,LR,1573073986,94,6.33,-10.8,78.8,7.25
431,yumen,0,CN,1573073986,48,40.29,97.04,38.95,16.71
432,lavumisa,0,ZA,1573073986,58,-27.31,31.88,82.4,5.82
433,abashiri,67,JP,1573073986,72,44.01,144.25,38.35,9.71
434,besleney,0,RU,1573073986,4,44.24,41.74,55.0,4.0
435,longjiang,6,CN,1573073986,41,47.33,123.18,17.92,7.63
436,kuching,75,MY,1573073987,94,1.56,110.34,77.0,2.46
437,igarka,99,RU,1573073987,95,67.47,86.57,7.7,11.81
438,hajipur,0,IN,1573073987,93,25.69,85.21,66.2,3.78
439,flinders,0,AU,1573073987,54,-34.58,150.85,75.99,20.8
440,hamilton,90,CA,1573073982,69,43.26,-79.87,42.01,9.17
441,ariquemes,86,BR,1573073987,77,-9.91,-63.03,81.55,3.85
442,mombaca,0,BR,1573073987,29,-5.74,-39.63,87.57,2.44
443,daru,91,PG,1573073987,82,-9.07,143.21,77.29,7.2
444,rincon,40,PA,1573073988,74,8.46,-82.28,86.0,13.87
445,agadez,0,NE,1573073988,13,16.97,7.99,84.6,6.51
446,sola,46,TZ,1573073988,63,-3.17,33.8,73.22,7.61
447,guangyuan,3,CN,1573073988,91,32.43,105.86,55.99,1.97
448,vaitape,0,PF,1573073988,81,-16.52,-151.75,80.55,17.36
449,grande-synthe,100,FR,1573073988,87,51.01,2.3,45.0,3.36
450,sawtell,0,AU,1573073988,52,-30.38,153.1,66.2,5.82
451,kieta,100,PG,1573073989,75,-6.22,155.63,81.61,4.43
452,laguna,20,BZ,1573073989,74,16.17,-88.94,84.2,4.7
453,antofagasta,40,CL,1573073898,68,-23.65,-70.4,64.4,16.11
454,bosaso,84,SO,1573073989,67,11.28,49.18,82.27,7.65
455,beyneu,100,KZ,1573073989,54,45.32,55.19,39.63,12.84
456,waingapu,0,ID,1573073989,74,-9.65,120.26,81.73,7.96
457,chuguyevka,100,RU,1573073990,91,44.17,133.87,19.56,7.92
458,rumuruti,35,KE,1573073990,78,0.26,36.54,61.61,12.06
459,pandamatenga,96,BW,1573073990,22,-18.54,25.64,77.85,6.29
460,preetz,75,DE,1573073990,100,54.24,10.28,44.01,1.12
461,tautira,20,PF,1573073990,66,-17.73,-149.15,86.0,4.7
462,hualmay,0,PE,1573073990,58,-11.1,-77.61,70.9,9.08
463,porto walter,99,BR,1573073991,53,-8.27,-72.74,87.42,0.87
464,aasiaat,98,GL,1573073991,74,68.71,-52.87,21.54,8.57
465,sambava,100,MG,1573073991,97,-14.27,50.17,70.0,2.33
466,komsomolets,100,RU,1573073991,80,52.77,41.29,53.87,15.93
467,natal,40,BR,1573073991,65,-5.81,-35.21,82.4,14.99
468,galesong,20,ID,1573073991,94,-5.32,119.37,75.2,3.36
469,bima,18,ID,1573073992,96,-8.45,118.73,70.56,2.13
470,soyo,6,AO,1573073992,81,-6.13,12.37,79.09,6.78
471,macae,90,BR,1573073992,83,-22.37,-41.79,77.0,14.99
472,batsfjord,75,NO,1573073992,92,70.63,29.72,33.8,4.7
473,port hedland,0,AU,1573073992,64,-20.31,118.58,73.4,8.05
474,san ramon,40,NI,1573073992,50,12.92,-85.84,78.8,6.93
475,joensuu,90,FI,1573073992,92,62.6,29.76,14.0,4.7
476,marzuq,0,YE,1573073993,27,14.4,46.47,64.09,1.34
477,tocopilla,97,CL,1573073993,24,-22.09,-70.2,72.57,8.05
478,balakhta,3,RU,1573073993,74,55.38,91.62,30.11,9.37
479,puri,97,ID,1573073993,73,-7.54,112.45,75.47,3.58
480,fare,0,PF,1573073993,80,-16.7,-151.02,80.85,15.08
481,zhanaozen,47,KZ,1573073993,31,43.35,52.85,41.86,14.0
482,nevsehir,0,TR,1573073916,70,38.62,34.71,46.4,6.93
483,vardo,1,US,1573073994,33,39.62,-77.74,57.99,8.05
484,lebowakgomo,0,ZA,1573073994,59,-24.3,29.54,75.2,13.87
485,limbang,75,BN,1573073994,94,4.75,115.01,78.8,1.12
486,perry,40,US,1573073994,61,30.12,-83.58,80.6,5.82
487,santa fe,38,AR,1573073994,36,-31.62,-60.7,84.0,1.99
488,bangassou,75,CF,1573073994,98,4.74,22.82,68.77,1.61
489,jalu,0,LY,1573073995,30,29.03,21.55,73.42,11.68
490,klyuchi,0,RU,1573073995,67,52.25,79.17,30.38,8.93
491,teguldet,100,RU,1573073995,95,57.31,88.17,30.22,13.11
492,puerto del rosario,40,ES,1573073995,56,28.5,-13.86,69.8,17.22
493,mora,84,PT,1573073995,100,38.94,-8.17,60.01,7.7
494,seoul,1,KR,1573073866,100,37.57,126.98,51.8,1.12
495,kourou,90,GF,1573073995,94,5.16,-52.64,78.8,1.12
496,hengshui,65,CN,1573073996,63,37.73,115.7,50.16,9.95
497,hambantota,100,LK,1573073996,77,6.12,81.12,80.29,11.77
498,kerrobert,20,CA,1573073996,61,51.92,-109.14,18.0,14.99
499,mount isa,36,AU,1573073996,10,-20.73,139.49,73.4,10.29
500,neryungri,9,RU,1573073996,92,56.66,124.71,-19.61,2.37
501,los llanos de aridane,75,ES,1573073996,72,28.66,-17.92,68.0,10.29
502,santo tomas,75,PH,1573073996,78,7.53,125.62,78.8,3.36
503,tigil,80,RU,1573073997,96,57.8,158.67,31.48,8.25
504,sulphur springs,90,US,1573073997,50,33.14,-95.6,78.8,6.93
505,matamoros,75,US,1573073997,48,25.87,-97.51,86.0,10.29
506,sibolga,93,ID,1573073997,85,1.74,98.78,68.94,2.64
507,khani,0,GE,1573073997,87,41.96,42.96,48.2,2.24
508,de-kastri,100,RU,1573073997,81,51.48,140.77,25.39,13.87
509,griffith,75,AU,1573073998,76,-34.29,146.06,55.99,6.93
510,lisakovsk,67,KZ,1573073998,50,52.55,62.49,33.33,15.41
511,antigonish,0,CA,1573073998,52,45.62,-61.99,45.0,8.01
512,niquelandia,38,BR,1573073998,59,-14.47,-48.46,81.21,3.83
513,noumea,20,NC,1573073998,69,-22.28,166.46,75.2,3.36
514,saint-francois,90,FR,1573073998,87,46.42,3.91,48.2,4.7
515,sandwick,96,GB,1573073999,93,54.57,-2.89,46.0,8.05
516,ponta delgada,75,PT,1573073999,68,37.73,-25.67,64.4,3.36
517,bolu,16,TR,1573073999,58,40.73,31.61,52.16,4.65
518,izhma,100,RU,1573074000,97,65.01,53.91,13.53,5.26
519,comodoro rivadavia,40,AR,1573074000,13,-45.87,-67.48,68.0,35.57
520,nakhon thai,79,TH,1573074000,97,17.1,100.84,65.86,1.92
521,morki,100,RU,1573074001,92,56.43,49.0,48.24,11.74
522,quimper,90,FR,1573073877,87,48.0,-4.1,53.6,20.8
523,deputatskiy,100,RU,1573074001,95,69.3,139.9,-1.5,4.05
524,para de minas,40,BR,1573073841,43,-19.86,-44.61,89.6,5.82
525,shu,100,KZ,1573074001,79,43.6,73.76,32.27,3.58
526,harper,90,US,1573074002,73,30.3,-99.24,77.0,8.05
527,sao joao da barra,75,BR,1573074002,74,-21.64,-41.05,78.8,25.28
528,kez,100,RU,1573074002,96,57.9,53.72,44.06,7.05
529,warora,82,IN,1573074002,75,20.23,79.0,72.36,2.73
530,damavand,0,IR,1573074004,57,35.72,52.07,51.8,4.7
531,trofors,100,NO,1573074004,85,65.54,13.39,32.0,2.24
532,big spring,90,US,1573074005,64,32.25,-101.48,75.99,12.75
533,upata,50,VE,1573074006,80,8.02,-62.41,82.0,8.01
534,cairns,40,AU,1573074006,83,-16.92,145.77,73.99,5.82
535,dubbo,40,AU,1573074006,32,-32.25,148.6,66.2,12.75
536,kargopol,100,RU,1573074007,96,61.51,38.95,18.14,6.67
537,bernay,75,FR,1573074007,93,49.09,0.6,50.0,8.05
538,vila franca do campo,75,PT,1573074007,68,37.72,-25.43,64.4,3.36
539,mocuba,32,MZ,1573074008,88,-16.84,36.99,71.38,2.44
